Economic,Environment,Foreign Policy,Immigration,Military,Safety,Social Programs,Social & Cultural,Governance
Fightfor15,air,11-Sep,a wall,Air Force,1994 crime bill,FreedomDividend,AbortionIsAWomansRight,1776
UnionsForAll,Amazon burning,Afghanistan,alien,airman,abusive relationships,healthcare,BlackHistoryMonth,BookerTownHall
1 percent,anti-science,al-Qaeda,America's Promise,Army,addict,HumanityFirstDays,equalpay,ClimateTownHall
2017 Republican tax cuts,atmosphere,amabassador,Angel Families,Army National Guard,addiction,PeopleFirstEducation,equalpayday,CNNTownHall
40 hour work week,biological treasure,American intervention,anti-immigrant,Camp Garfield,addiction crisis,UniversalChildCare,HarveyMilkDay,DebateStage
accumulated wealth,blizzards,annexation policies,asylum,coast guard,addiction treatment,universalhealthcare,MLK,DelaneyDebateChallenge
AFACWA,carbon,AQ,asylum cases,combat veteran,addictive impacts,ACA,MLKDay,demdebate
Affordable and Safe Prescription Drug Importation Act,carbon dioxide,arms race,birtherism,commander,AK-47s,access to care,MLKDay2019,ForThePeople Act
affordable prescription drugs,carbon emissions,attack on Iran,border arrests,D-Day,antifa,Affordable Care Act,SanAntonioPride,gerrymandering
agribusinesses,carbon neutrality,attacks on oil tankers,border crisis,defense contractors,AR-15s,affordable child care,TransMilitaryBan,GillibrandTownHall
agriculture,carbontax,Bejing,border issue,Department of Defense,arm teachers,affordable childcare,WomensHistoryMonth,HR1
American Federation of Teachers,Citizen Campaign,berlin wall,border patrol,deployed,arming teachers,affordable higher education,19th Amendment,IACaucus
American jobs,clean air,Bibi Netanyahu,border secure,deployments,arrest,affordable housing,abolition,MuellerHearings
American workers,clean electricity,Caribbean,border security,drone,arrested,affordablechildcare,abort,MuellerReport
American workforce,clean energy,Chairman Kim,border wall,fighter jets,asbestos,AFT,abortion,NHDems2020 convention
assets,cleanest air,china,building the wall,front lines,assault,alternatives to college,abortions,VoterSuppression
automate,Clear Air Act,cold war,cages,GI Bill,assault rifles,anti-choice,African American,YangTownHall
automating,climate,cyber attacks,cages for kids,island hopping,assault weapons,bettercare,African Americans,2016 election
automation,climate action,deal with Iran,CHANGE Act,JROTC,background check,cancel student debt,African-American,2018 midterms
autoworkers,climate change,denuclearization,child separation,marine,background checks,charter school,Africans,2020 campaign
baby bonds bill,climate crisis,diplomacy,children into cages,Marines,bailed out,charter schools,all female school,2020 election
bailout,climate disruption,embassy,citizen,Memorial Day,box question,Child care,anti-Semitic,2020 Presidential Race
bank,Climate justice,Emmanuel Macron,citizenship,militarism,Brady Campaign,college debt,anti-Semitism,above the law
bank account,climate refugees,fair trade policy,close the border,military action,break the law,copay,Antonio Arce,abuse of power
bank loans,climate science,foreign aid,control our borders,military bases,bump stocks,Debt-Free College Act,apartheid,accountability in congress
bankrupt,ClimateChange,foreign money,country of origin,military budget,cash bail,degree,Asian,administration policy
bankruptcy,ClimateStrike,foreign power,DACA,military career,Charleston church,dental care,Asian American,AG
banks,coal,foreign warship,DACA,military construction projects,clean water,disaster aid,attack on all women,AG Barr
benefit package,DAC,France,denied entry into the U.S.,military contractors,Columbine,disaster relief,bias-motivated,ALEC
better pay,decarbonized,G-7,deportation,military families,committing crimes,doctor's visits,bigotry,amend
big bank,deny science,Golan heights,Dilley,Military housing funds,contaminated water,drop out,black,amendment
big banks,DEP,Gulf of Oman,Dreamer,military industrial complex,controlled substances act,early education,Black Americans,Ankeny Area democrats
big oil,Direct Air Capture Technology,hostage in Yemen,Dreamer's,Military Justice Improvement act,convicted,education,black and Latino,announce my candidacy
big oil companies,Dorian,imperialism,DREAMers,military members,conviction,education system,black communities,Armed Services Committees
big pharma,drilling,international relations,Every Person Counts Act,military readiness,convictions,FEMA,black families,Attorney general
big tech,drilling offshore,International Waters,family separation,paratroopers,cops,fighting child hunger,black lives,Attorney General Barr
big tech companies,drought,Iran,homelands,post-traumatic stress,crime,food assistance,Black lives matter,automatic voter registration
billionaire,dump,Iraq,Homestead Detention Center,Project Welcome Home Troops,crimes,food stamps,BlackHistoryMonth,ballot
billionaire class,EarthDay,Iraq War,ICE,PTSD,criminal,free college,bodies,ballot box
billionaires,earthquake,ISIS,illegial alien,sailor,criminal justice,free community college,body,Barr
booming,earthquakes,Israel,immigrant,service members,criminal justice reform,free public college,Brown v Board,battleground states
booming economy,ecosystem,Israel's right to exist,immigrants,servicemembers,criminal justice system,free universal school meals,Brown v. Board,beat Trump
borrowers,emission,jihadists,immigration,servicemen,criminal-justice reform,Freedom dividend,Brown v. Board of Education,beating donald trump
BP,emission technologies,JulianAssange,immigration detention centers,soldier,cybersecurity,funding for education,brown women,beats trump
bridge,emissions,Kim Jong Un,immigration plan,tanks,decriminalize marijuana,grads,Capital City Pride,big government
bridges,energy,Kim Jong-un,immigration policy,troops,decriminalizing marijuana,graduation rate,Chabad,bipartisan
bring down costs,energy efficient,Korean Peninsula,immigration reform,united states coast guard,detention,gun manufacturers,Chabad of Poway,blue states
bring down the cost,energy policies,Missile Defense review,immigration system,US military,domestic abuse,gun manufacturers & dealers,childbirth,branch of government
budget,energy sources,National Security Action,Johana Medina Leon,USS Boxer,domestic and sexual assault,health care,childbirth-related causes,bypass Congress
Buffett Rule,energy system,NATO,kids in cages,VA,domestic violence,health care system,childcare,cabinet
business,environment,Netanyahu,McAllen,VA hospital,drinking water,health care to all,civil rights,cabinet-level
businesses,environmental,New Zealand,Mexico,VA system,drug,health coverage,Civil Rights Act,cabinet-level agency
buying homes,Environmental Protection Agency,Nicolas Maduro,migrant,veteran,drug laws,health insurance,color of,campaign contributors
capital gains,environmentalists,No More Presidential Wars Act,migrant justice,veteran,drug overdoses,health insurance companies,color of his skin,campaign finance
Capitalism,EPA,North Korea,migrants,veterans,drugs,healthcare,color of our skin,campaign kickoff
capitalist,flood,nuclear,national origin,Veterans Affairs Committee,Edward Douglas,homeless,contempt for women,campaign launch
carpenters,flooding,nuclear arms,native born,Veterans unemployment,eliminate cash bail,homelessness,contraception,campaign team
Catalyst Pharmaceuticals,forest fires,nuclear powers,open borders,vets,Emma Gonzalez,housing,contraceptives,campaigning
Central South Carpenters,fossil fuel,nuclear technology,our border,Wright-Patterson Air Force Base,Eric Garner,housing issues,Council on American Islamic Relations,candidate for President
CEO,fossil fuel companies,Nuclear Weapons,PeopleFirst,Youngstown Air Reserve Base,ex-felons,housing plan,cultural inclusivity,canvass
CFPB,fossil fuel industry,nuke,refuge,,ex-offenders,housing policy,desegregate,CARERS
charge any price,fossil fuels,offshore drilling,refugee,,expunge,invest in kids,disability,cast ballots
clean economy,fracking,Palestinian,refugees,,expunge marijuana use,invested in kids,discrimatory,caucus
Coal Association,fuel,Palestinians,secure our borders,,expunge the records,K-12,discriminate,censorship
coal miners,gas,Panjab,seeking refuge,,expungement,LGBTQ,discrimination,census
Coal operators,gas wells,Prime Minister,separated children,,expunging records,low-cost tuition,discriminatory,Center for American Progress Ideas
commerce,global warming,queen,separating families,,fatally shot,lunch debt,disenfranchise,chief of staff
companies,globe,russia,southern border,,Federal marijuana policy,medicaid,disenfranchised,chip in
compensation,green economy,russia hoax,splitting up families,,firearm,medical cannabis,diversity,chipped in
competition,green job,russian,steel barrier,,first responders,medical marijuana,division and hate,chipping in
consumerism,Green New Deal,Russian hacking,temporary Protected Status,,First Step Act,medicare,Dr. King,Citizens United
consumers,greenhouse gas emissions,Russianinterference,the border,,Flint,Medicare for All,Dr. Martin Luther King,clean bill
corporate,greenhouse gasses,sanctions,the wall,,Gabby Giffords,medicare-for-all,Dr. Martin Luther King Jr.,collusion
corporate greed,GreenNewDeal,Saudi,TPS,,gangs,misogynist,EACH Woman Act,committee meetings
corporate imperialism,greennewdeal,Saudi Arabia,undocumented,,Giffords,national service plan,Easter,Compassionate Access
corporate relocation and expansion,Greta Thunberg,Saudis,,,gun,national service program,Easter Sunday,Congressional Gold Medal
corporate socialism,hurricane,Scotland,,,gun control,National Weekend of Action,Edmund Pettus,constitution
corporate welfare,hurricanes,September 11th,,,gun reform,NationalService policy,education for females,constitutional
corporation,ice melt,Sri Lanka,,,gun regulations,Native American,Elie Wiesel,constitutional amendment
corporations,Katrina,Syria,,,gun safety,NEA,empower women,constitutional duties
cost of living,majestic lands,TariffWar,,,gun safety reform,obamacare,equal rights,constitutional right
cost of prescription drugs,Marcher Walker Pilgrim,TariffWarsAreForLosers,,,gun violence,paid leave,equal rights amendment,contributed to our campaign
costs,methane,terror,,,gun violence epidemic,paid paternal leave,equal rights for women,control of the house
Culinary Workers Union,national parks,terror attacks,,,guns,paidleave,equality act,corporate PACs
Culinary Workers Union Local 226's,natural disaster,terrorism,,,harassment,Pell Grants,Equality California,corroded our democracy
cyber-infrastructure,natural disasters,terrorist,,,high-capacity magazines,PeopleFirstEducation,equality for all,courts
debt,natural resources,terrorist attack,,,HIV/AIDS awareness,pre-existing condition,ERA,dark money
debt cancellation,natural treasures,terrorists,,,human trafficking,pre-existing conditions,ethnicity,deal from congress
democratic socialism,negative emission,TradeWar,,,incarcerate,Pre-K,Fair Pay Act,debate
deregulation,negative emission technologies,transnational gangs,,,incarcerated,pre-kindergarten,families of color,debate stage
divest,negative emissions,two state solution,,,incarceration,project angel food,Father's day,debates
dividend,net zero,US Intervention,,,jail,public college,female freedom,defeat Donald Trump
Dow,net zero carbon,USAID,,,jail time,public colleges,Fiesta,defeat Trump
Dow Jones,net-zero,USMCA,,,jailhouse,public education,first American woman,defeating Donald Trump
drug companies,net-zero emissions,Venezeula,,,justice reform,public option health insurance,first female,delegate
drug company,nuclear catastrophe,Venezuela,,,justice system,public school,first woman,DemDebate
drug prices,oceans,Vietnam,,,law enforcement,public schools,Frederick Douglass,democracy reform plan
economic,oil,Vladimir Putin,,,Layleen Polanco,public technical schools,gay,Democratic candidates
economics,oil & gas industry,war,,,lead exposure,reproductive,gender,democratic debate
economies,oil and chemical,war with Iran,,,lead levels,reproductive rights,gender equality,Democratic field
economist,oil and gas,war zones,,,lead pipes,Roe,gender identity,Democratic House Members
economy,oil companies,Yakalawng,,,legalize marijuana,school loans,genocidal,democratic party
EITC,oil drilling,Yemen,,,legalized marijuana,school meals,genocide,Democratic Party Convention
employed,oil lobbyist,,,,legalizeit,schools,happy pride,Democratic party nominee
employee,oil spill,,,,liability insurance,single-payer,Harvey Milk,Democratic Party of Wisconsin
employees,OurClimateMoment,,,,longer sentences,single-payer system,hate,democratic party state convention
employer,OurClimateMovement,,,,magazine limits,skills training,hate crime,democratic presidential nomination
entrepreneur,Paris Agreement,,,,mandatory minimums,SNAP benefits,hate speech,democratic primary
Entrepreneurs,Paris Climate Accord,,,,March for our Lives,social program,HBCUs,Dept. of Children and Youth
equal opportunity,Paris Climate Agreement,,,,marching for our lives,social security,Heritage Month,DNC
equal pay,People & Planet First Plan,,,,marijuana conviction,Social Services,hijab,DOJ
Equifax breach,PFAS chemicals,,,,Marijuana Justice Act,StopBullying,Hispanic,donation to our campaign
export,pipeline,,,,marijuana laws,studebt debt,homophobia,donor
exports,pipelines,,,,marijuana legalization,student loan,homosexuality,donor goal
Exxon,planet,,,,Marjory Stoneman Douglas,student loan debt,human rights,donors
fair pay,planetary,,,,mass incarceration,student loans,Hyde Amendment,drain the swamp
farmer,pollinators,,,,mass shooting,technical schools,Indian Independence Movement,draw districts
farmers,pollute,,,,MSDStrong,The Freedom Dividend,inequality,early voting
federal money,polluted,,,,murder,Title X,International women's day,electability
Federal Reserve,polluters,,,,National Rifle Association,tuition,InternationalWomensDay,election cycle
federal subsidies,pollution,,,,Next Step Act,tuition-free,internment camps,Election Day
federal workers,preserve,,,,non-violent offense,UBI,Irish traditions,election integrity
FFA,preserve these lands,,,,NRA,uninsured,islamophobia,election security
Fight for 15 movement,public lands,,,,officer,universal basic income,Jew,election system
FightFor15,renewable energy,,,,Officer Pantaleo,Universal Child Care,Jewish,election time
financial,reservation,,,,opioid epidemic,universal free college,Jim Crow,electoral college
financial corporation,sandbags,,,,opioids,universal healthcare,Juneteenth,emergency delcaration
financial crash,sea levels,,,,Parkland,vocational schools,justice and equality,endorsement
fiscal,solar and wind,,,,Parkland shooting,Wade,Latino,Equity Alliance
fiscally,storm,,,,pestilence,welfare,Latinos,executive action
food insecurity,sustainability,,,,police,women in STEM,lesbian,executive actions
form a union,sustainable,,,,police officer,paid family leave,LGBT,Executive Order
forming a union,sustainable energy,,,,policing,paid more,LGBT rights,exploratory committee
Fortune 500,temperature,,,,possession conviction,medical leave,LGBTQ,FakeTrumpEmergency
free market system,tornadoes,,,,pretrial system,Chair of the Education Committee,LGBTQ community,FCC
Friends of Coal,warmest year,,,,prison,Education Committee,LGBTQ equity,FEC
FTC,water intrusion,,,,prisons,,LGBTQ. non-discrimination,FEC deadline
full-time,WaterisLife,,,,prisons for profit,,LGBTQ+,federal representation
gas price,weather,,,,prohibition of marijuana,,LGBTQ+ community,fifteenth amendment
GDP,wildfire,,,,prosecute,,Lilly Ledbetter,filibuster
General Motors,wind and solar farms,,,,prosecution,,lynching,filing deadline
giant corporations,wind power,,,,rape,,male privilege,fillibuster
give them a raise,world water day,,,,restorative justice,,mandela,First Amendment
GM,Yosemite,,,,risk,,marginalized,First District Court of Appeals
good-paying,Greta ,,,,Roundup,,marriage equality,Food and Drug Administration
Google,Thunberg,,,,safe,,marry,free speech
greed,,,,,safer,,marry whom you choose,fundraising
Heartland Fair Deal,,,,,safety,,Martin Luther King,fundraising deadline
high cost of prescription drugs,,,,,safety features,,Martin Luther King Jr.,fundraising quarter
high-income,,,,,Sandy Hook,,Maternal Care act,general election
higher pay,,,,,secure,,maternal mortality,gerrymandered
hirings,,,,,sentencing,,minority,GOP
home ownership rates,,,,,sex trafficking,,minority-serving,govern-by-fear
income,,,,,sexual & domestic violence,,Mississippi Freedom Riders,government closed
income inequality,,,,,sexual abuse,,Montgomery,government funding
incomes,,,,,sexual assault,,more women in politics,government shutdown
industries,,,,,sexual harassment,,Mother's Day,government spending
inflation,,,,,shooting,,MothersDay,grassroots
infrastructure,,,,,shootings,,Muslim americans,grassroots campaign
interest rates,,,,,shot,,NAACP,grassroots donations
invest,,,,,SOS Recovery Community Organization,,National Action Network Conference,grassroots donor
investing,,,,,suicides,,National Puerto Rican Day,grassroots movement
investment,,,,,The Pulse Nightclub,,National Urban League,grassroots supporters
investor,,,,,trafficking,,Native American,grassroots-funded campaign
job,,,,,Trafficking in Persons,,Native American ancestry,Greater Nashua Young Democrats
job creation,,,,,victim compensation fund,,Native American Justice,H.R. 1
jobs,,,,,war on drugs,,Native Americans,hack our elections
Joiners of America Local 279,,,,,water crisis,,non-discrimination ordinance,hearings
labor,,,,,weapons manufacturer,,of color,honest elections
Labor Department,,,,,weapons manufacturers,,opportunities for women,House Districts
labor law,,,,,wrongfully convicted,,oppressor,House Judiciary Committee
labor market,,,,,parental leave,,Pacific Islander,Housing & Urban Development Dept
laborday,,,,,,,paid less,hyperpartisan
LAX,,,,,,,Passover,impeach
lenders,,,,,,,people of color,impeachment
life insurance,,,,,,,Planned Parenthood,impeachment hearings
LIFT Act,,,,,,,prayer,integrity of our elections
living wage,,,,,,,pregnancy,intelligence agencies
loans,,,,,,,pregnant,interior department
Lordstown,,,,,,,prejudice,Iowa Democratic Party
low-income,,,,,,,pride flag,Iowa Senate
lower prices,,,,,,,Pride Parade,judges
lower-income,,,,,,,pro-choice,judiciary
lowering the cost,,,,,,,race matters,judiciary committee
Machinists Union,,,,,,,races,justices
make ends meet,,,,,,,racial,Kirstjen Nielsen
manufacture,,,,,,,Racial Equality,Latino vote
manufacturers,,,,,,,racial identity,lawmakers
manufacturing,,,,,,,racial justice,leave office
manufacturing jobs,,,,,,,Racism,legislation
market,,,,,,,racist,legislators
markets,,,,,,,religion,lifetime appontments
materialism,,,,,,,religious,lobbyist influence
Mattel,,,,,,,reparations,Lowcountry Students for Political Action
maximize their profits,,,,,,,reparations for slavery,make a contribution
medical bills,,,,,,,representation and equality,make D.C. a state
medications unnafordable,,,,,,,reproductive health,megadonors
middle class,,,,,,,reproductive health care,Mitch McConnell
miners,,,,,,,right of woman,money in politics
minimum wage,,,,,,,Rock Hill,money out of politics
minimum-wage,,,,,,,Roe v. Wade,Mueller
monoploy,,,,,,,roevwade,Mueller report
monopoly,,,,,,,Rosa Parks,Muller investigation
mortgage,,,,,,,same-sex,National Emergency
mortgage debt,,,,,,,segregate,national emergency declaration
mortgages,,,,,,,segregated,national popular vote
nation's debt,,,,,,,segregation,national press secretary
national debt,,,,,,,segregationists,New Democrat Coalition
negotiate,,,,,,,Selma,New Hampshire primary
net worth,,,,,,,sexism,nomination
oligarch,,,,,,,sexist,nomination for president
oligarchy,,,,,,,sexual orientation,oath of office
open market,,,,,,,She the People,obama administration
operating trains,,,,,,,slave,Obama-Biden Administration
overtime pay,,,,,,,slavery,obstructed justice
pad their pockets,,,,,,,social justice,obstruction
paid,,,,,,,Spanish,obstructionism
paid family and medical leave,,,,,,,St. Paddy's day,one-term president
parents income,,,,,,,St. Patrick's Day,Open Our Democracy Act
pay gap,,,,,,,Stonewall,PAC
pay raises,,,,,,,straight,PAC money
pay teachers,,,,,,,suppression,PACs
pay the bills,,,,,,,supremacist,paper ballots
paycheck,,,,,,,systemic barriers,participation in elections
paychecks,,,,,,,tarana burke,partisan
payday,,,,,,,Title IX,partisan divide
paying teachers,,,,,,,trans,partisanship
payment,,,,,,,transgender,party's nomination
pension,,,,,,,transphobia,partyÃ¢â‚¬â„¢s nominee
pensions,,,,,,,transphobia,peaceful demonstrations
Pharma,,,,,,,tras community,Pentagon
Pharma companies,,,,,,,Violence against women,political interference
pharmaceutical,,,,,,,Violence Against Women Act,political process
poor,,,,,,,wage gap,political revolution
potholes,,,,,,,white,political stunts
poverty,,,,,,,white nationalism,politically disengaged
pre-recession,,,,,,,white nationalist,politically engaged
prescription costs,,,,,,,white privilege,poll
price fixing,,,,,,,woman and her doctor,poll numbers
price gouging,,,,,,,woman's,polling
price tag,,,,,,,woman's right,polls
pricing,,,,,,,womanÃ¢â‚¬â„¢s right,presidential debates
profit,,,,,,,women,presidential exploratory committee
Profits,,,,,,,women and their bodies,presidential field
protecting consumers,,,,,,,women as equal,presidential nomination
put food on the table,,,,,,,women decide,promote a bill
raise incomes,,,,,,,women of color,protect our elections
real estate,,,,,,,women's,protect US elections
rebuilding our infrastructure,,,,,,,women's backs,purple state
recession,,,,,,,women's bodies,raised the most money
reliable bridges,,,,,,,women's consitutional rights,rallies
rent costs,,,,,,,women's day,rally
Republican tax cuts,,,,,,,women's equal rights,ratified
retiree,,,,,,,women's human rights,ratify
retirees,,,,,,,women's march,re-elect
retirement,,,,,,,women's rights,re-electing
rich are getting much richer,,,,,,,women's,re-open the government
richest americans,,,,,,,women's history,red states
rising cost,,,,,,,women's voices,redistricting
road,,,,,,,WomensHistoryMonth,reelected
road bond,,,,,,,worship,reelection
roads,,,,,,,xenophobia,referendum
robot,,,,,,,women entrepreneurs,registered Republican
robots,,,,,,,women's health,reopen the federal government
rurual economies,,,,,,,Hidden Figures,reopen the government
S&P,,,,,,,,reopens our federal government
savings account,,,,,,,,representative government
Sears,,,,,,,,Research Expansion and Respect States
SEIU,,,,,,,,right to vote
shareholders,,,,,,,,Robert Mueller
Shell,,,,,,,,Robert Mueller's
siphon,,,,,,,,running for congress
small business,,,,,,,,running for office
small businesses,,,,,,,,running for president
socialism,,,,,,,,same-day
socialist,,,,,,,,San Francisco District Attorney
socioeconomic status,,,,,,,,Save the Internet Act of 2019
Southwest,,,,,,,,SCOTUS
spending,,,,,,,,second amendment
starting businesses,,,,,,,,secretary acosta
startup,,,,,,,,Secretary of State
stock market,,,,,,,,Secure Elections Act
subsidies,,,,,,,,Securing America's Elections Act
subsidizing,,,,,,,,senate floor
tax,,,,,,,,Senate Majority Leader
tax breaks,,,,,,,,separation of powers
tax code,,,,,,,,shut down
tax cuts,,,,,,,,shutdown
tax returns,,,,,,,,shutdown the government
tax revenues,,,,,,,,Special Counsel
tax scam,,,,,,,,special counsel Mueller
taxes,,,,,,,,Special Counsel Mueller's
taxpayer,,,,,,,,special interests
taxpayers,,,,,,,,stacking the courts
teacher pay,,,,,,,,State of the Union
teachers a raise,,,,,,,,Statehood
top 1%,,,,,,,,structural change
trade deficit,,,,,,,,structural reform
trade policies,,,,,,,,submitting a bill
trade services,,,,,,,,Super PAC
trade union,,,,,,,,support our campaign
Treasury Bond,,,,,,,,supporting this bill
UFCW,,,,,,,,supreme court
Ultra-millionaire tax,,,,,,,,Surgeon General
ultra-rich,,,,,,,,swamp
underemployment,,,,,,,,swamp politics
unemployment,,,,,,,,sworn in
union contractors,,,,,,,,term limit
union members,,,,,,,,testify
unionize,,,,,,,,The Kent Street Coalition
unions,,,,,,,,threatening our democracy
United Brotherhood of Carpenters,,,,,,,,town hall
United Teachers Los Angeles,,,,,,,,town halls
US economy,,,,,,,,town meeting
wage,,,,,,,,townhall
Wage Bond,,,,,,,,Trump Administration
wages,,,,,,,,Trump agenda
Wall Street,,,,,,,,Trump cabinet
Wayfair,,,,,,,,U.S. Attorney General
wealth,,,,,,,,unconstitutional
wealth gap,,,,,,,,United States Department of Peace
wealth inequality,,,,,,,,universail mail voting
well-deserved raise,,,,,,,,veto
well-paid,,,,,,,,vote him out
worker,,,,,,,,voter
worker's rights,,,,,,,,voter fraud
workers,,,,,,,,voter ID
workers' rights,,,,,,,,voter ID laws
workforce,,,,,,,,voter participation
working americans,,,,,,,,voter registration
working class,,,,,,,,voter rights
working condiitons,,,,,,,,voter suppression
working conditions,,,,,,,,voter turnout
working families,,,,,,,,voters
working family,,,,,,,,voting
working men and women,,,,,,,,voting machines
working mother,,,,,,,,voting rights
working people,,,,,,,,Voting Rights Act
working poeple,,,,,,,,voting rights act of 1965
working-class,,,,,,,,voting rolls
workingfamilies,,,,,,,,white house council
Workplace Democracy Plan,,,,,,,,write laws
workplace protections,,,,,,,,
workweek,,,,,,,,
Young Professionals,,,,,,,,
finance committee,,,,,,,,